variant,seed,success,boxes,num_boxes,failure,mission_time_s,path_m,energy_wh,regen_wh,final_soc,terminal_v,max_cell_temp,soc_spread,nmpc_mean_ms,nmpc_p99_ms,nmpc_solves,switches,astar_replans,recoveries,collisions,wedge_escapes,corridor_narrow_s,corridor_class
full,1000,1,3,3,none,150.62,23.868,95.9387,0.303,51.81,26.187,25.66,0.4,30.05,46.85,142,17,227,6,0,0,4.39,open
full,1001,1,3,3,none,134.93,24.105,86.4823,0.3671,53.61,26.201,25.69,0.36,28.91,47.12,164,16,211,2,0,0,4.36,open
full,1002,1,3,3,none,136.82,22.373,86.792,0.2875,53.55,26.201,25.66,0.362,28.9,48.31,148,14,81,1,0,0,4.45,open
full,1003,1,3,3,none,128.94,23.251,82.6146,0.3319,54.35,26.207,25.66,0.344,29.25,51.67,145,21,203,3,0,0,4.12,open
full,1004,1,3,3,none,129.74,23.027,83.5355,0.363,54.17,26.206,25.67,0.348,28.38,48.19,159,20,139,3,0,0,4.5,open
full,1005,1,3,3,none,149.94,23.663,96.2176,0.3114,51.76,26.187,25.68,0.401,28.8,42.47,172,20,147,5,0,0,4.51,open
full,1006,1,3,3,none,141.02,23.234,90.1563,0.2935,52.91,26.196,25.66,0.376,29.56,41.9,154,13,135,4,0,0,4.82,open
full,1007,1,3,3,none,133.62,24.057,85.7668,0.3644,53.75,26.203,25.66,0.357,28.93,51.8,173,14,100,5,0,0,4.44,open
full,1008,1,3,3,none,138.81,24.005,88.6417,0.3097,53.2,26.203,25.68,0.369,28.73,45.38,159,16,146,5,0,0,5.2,dead_end
full,1009,1,3,3,none,139.54,23.625,89.4223,0.3423,53.05,26.197,25.66,0.373,27.36,41.79,160,18,286,5,0,0,3.78,open
full,1010,1,3,3,none,144.83,23.732,92.1839,0.3155,52.53,26.193,25.66,0.384,29.13,41.8,156,16,163,4,0,0,4.74,open
full,1011,1,3,3,none,133.92,23.488,86.2793,0.3809,53.65,26.202,25.66,0.359,29.21,50.15,171,18,90,4,0,0,4.67,open
full,1012,1,3,3,none,135.17,23.275,86.9492,0.3675,53.52,26.201,25.68,0.362,27.91,56.55,156,20,189,4,0,0,3.62,open
full,1013,1,3,3,none,144.63,23.651,92.2822,0.3169,52.51,26.193,25.67,0.385,29.95,51.71,138,14,204,5,0,0,4.52,open
full,1014,1,3,3,none,145.55,23.32,93.507,0.3066,52.27,26.191,25.66,0.39,28.62,46.47,152,17,116,6,0,0,4.6,open
full,1015,1,3,3,none,133.23,23.13,85.569,0.3504,53.78,26.203,25.66,0.356,30.4,52.93,162,16,106,3,0,0,4.45,open
full,1016,1,3,3,none,125.52,21.275,79.9777,0.3731,54.85,26.211,25.66,0.333,35.47,52.13,146,18,88,0,0,0,4.32,open
full,1017,1,3,3,none,137.62,23.088,87.6374,0.3016,53.39,26.2,25.66,0.365,32.33,51.85,145,15,174,2,0,0,4.82,open
full,1018,1,3,3,none,131.14,22.076,83.2143,0.2477,54.23,26.206,25.67,0.347,41.05,68.43,142,14,142,1,0,0,4.68,open
full,1019,1,3,3,none,146.94,23.718,93.5072,0.3219,52.27,26.191,25.66,0.39,52.96,87.26,151,17,241,5,0,0,4.76,open
full,1020,1,3,3,none,134.92,22.908,86.2064,0.3482,53.66,26.202,25.66,0.359,54.55,103.4,158,14,184,2,0,0,4.71,open
full,1021,1,3,3,none,113.55,23.165,73.4579,0.3312,56.09,26.221,25.68,0.306,51.18,74.6,161,16,197,3,0,0,3.8,open
full,1022,0,2,3,timeout,240.0,22.247,153.4867,0.3791,40.86,26.128,25.7,0.641,54.35,89.35,144,16,1357,26,0,0,3.27,open
full,1023,1,3,3,none,136.09,23.424,87.1365,0.3033,53.49,26.2,25.7,0.363,56.31,101.63,147,14,144,3,0,0,4.33,open
full,1024,1,3,3,none,137.43,23.081,87.6958,0.2528,53.38,26.2,25.67,0.365,61.81,115.34,148,14,115,3,0,0,4.83,open
full,1025,1,3,3,none,143.94,23.114,91.2657,0.2735,52.7,26.194,25.66,0.38,58.26,119.08,140,12,173,2,0,0,4.95,open
full,1026,1,3,3,none,145.63,23.492,92.7305,0.2867,52.42,26.192,25.68,0.386,50.13,118.91,142,20,114,5,0,0,5.01,open
full,1027,1,3,3,none,160.63,23.588,103.1337,0.3409,50.44,26.176,25.66,0.43,43.32,92.93,150,12,325,8,0,0,4.92,open
full,1028,1,3,3,none,148.3,23.396,94.2579,0.3083,52.13,26.189,25.69,0.393,50.09,96.48,155,19,125,4,0,0,5.01,open
full,1029,1,3,3,none,129.05,23.087,82.6859,0.3009,54.33,26.207,25.66,0.344,39.63,67.08,159,15,73,2,0,0,4.34,open
full,1030,0,0,3,timeout,240.0,8.119,155.1076,0.1869,40.54,26.124,25.73,0.648,46.81,89.31,38,2,2247,41,0,0,0.63,open
full,1031,1,3,3,none,118.12,22.827,75.9254,0.3478,55.62,26.218,25.66,0.316,49.27,104.24,161,12,78,1,0,0,4.1,open
full,1032,1,3,3,none,136.73,22.983,86.9753,0.272,53.52,26.201,25.66,0.362,35.11,46.97,151,14,142,2,0,0,4.58,open
full,1033,1,3,3,none,125.42,22.805,80.502,0.3715,54.75,26.211,25.66,0.335,35.85,62.58,148,19,178,2,0,0,4.08,open
full,1034,1,3,3,none,137.24,23.339,87.9947,0.3537,53.32,26.199,25.68,0.367,36.9,72.28,144,15,193,5,0,0,4.12,open
full,1035,1,3,3,none,143.23,23.293,90.9093,0.2638,52.77,26.195,25.66,0.379,35.03,58.85,149,17,141,3,0,0,5.14,open
full,1036,1,3,3,none,151.13,23.779,96.6142,0.3157,51.68,26.186,25.67,0.403,36.36,62.48,141,16,166,6,0,0,4.89,open
full,1037,1,3,3,none,135.93,23.687,87.5115,0.3643,53.41,26.2,25.66,0.365,35.1,62.49,152,15,98,4,0,0,4.81,open
full,1038,1,3,3,none,129.84,23.497,83.6942,0.3296,54.14,26.206,25.66,0.349,34.5,46.96,161,18,107,4,0,0,4.37,open
full,1039,1,3,3,none,136.73,23.151,87.6395,0.3102,53.39,26.2,25.67,0.365,33.55,46.93,162,15,236,4,0,0,4.23,open
full,1040,1,3,3,none,142.24,23.341,91.6381,0.3641,52.63,26.193,25.66,0.382,35.44,68.16,165,19,115,4,0,0,4.28,open
full,1041,1,3,3,none,142.31,23.27,91.5118,0.3624,52.66,26.198,25.68,0.381,33.08,46.99,155,14,90,3,0,0,4.68,dead_end
full,1042,1,3,3,none,138.53,22.933,88.0191,0.3066,53.32,26.199,25.67,0.367,34.94,47.0,150,16,206,3,0,0,4.6,open
full,1043,1,3,3,none,139.24,23.69,89.3759,0.4101,53.07,26.197,25.66,0.372,32.83,62.44,144,22,149,4,0,0,4.65,open
full,1044,1,3,3,none,167.01,24.482,106.3041,0.2828,49.84,26.176,25.67,0.443,35.0,70.4,150,26,303,8,0,0,4.87,dead_end
full,1045,1,3,3,none,131.63,23.004,84.2437,0.3436,54.04,26.205,25.68,0.351,34.55,62.5,139,14,213,2,0,0,3.71,open
full,1046,0,2,3,timeout,240.0,22.963,153.4013,0.4578,40.87,26.125,25.75,0.64,33.56,62.44,155,32,1191,26,0,1,5.19,open
full,1047,1,3,3,none,138.74,23.448,88.938,0.3884,53.15,26.198,25.66,0.37,35.93,62.48,144,23,113,3,0,0,4.73,open
full,1048,1,3,3,none,121.94,23.19,78.708,0.3594,55.09,26.213,25.69,0.328,33.71,60.31,140,14,100,2,0,0,4.31,open
full,1049,1,3,3,none,117.53,23.084,75.6354,0.3526,55.67,26.218,25.7,0.315,34.25,62.49,149,19,238,2,0,0,3.42,open
full,1050,1,3,3,none,141.61,23.127,90.3442,0.2965,52.87,26.2,25.66,0.376,35.59,62.54,157,20,161,4,0,0,4.57,dead_end
full,1051,1,3,3,none,138.42,23.685,88.9175,0.3054,53.15,26.198,25.66,0.37,32.68,52.41,166,18,83,4,0,0,4.09,open
full,1052,1,3,3,none,137.84,23.995,88.4596,0.3435,53.24,26.198,25.66,0.369,34.97,62.49,161,18,167,5,0,0,4.09,open
full,1053,1,3,3,none,136.52,23.39,87.2423,0.3254,53.47,26.2,25.66,0.363,34.15,62.5,143,15,203,4,0,0,4.3,open
full,1054,1,3,3,none,132.73,23.207,85.002,0.3303,53.89,26.204,25.66,0.354,34.02,62.49,154,16,213,3,0,0,4.56,open
full,1055,1,3,3,none,144.82,23.159,92.1953,0.3025,52.52,26.193,25.67,0.384,33.9,62.5,162,16,195,4,0,0,4.3,open
full,1056,1,3,3,none,134.43,22.58,85.5877,0.3021,53.78,26.203,25.67,0.357,34.46,62.5,148,15,124,2,0,0,4.7,open
full,1057,1,3,3,none,141.24,22.854,89.587,0.2599,53.02,26.197,25.67,0.373,34.29,78.24,144,13,120,2,0,0,4.83,open
full,1058,1,3,3,none,151.44,24.298,96.9444,0.2957,51.62,26.185,25.67,0.404,34.57,55.65,145,14,127,6,0,0,5.08,open
full,1059,1,3,3,none,142.73,24.009,91.3533,0.3635,52.69,26.194,25.66,0.381,35.58,62.5,154,18,216,6,0,0,4.11,open
full,1060,1,3,3,none,135.63,23.107,86.6577,0.352,53.58,26.201,25.66,0.361,33.18,46.88,152,17,181,3,0,0,4.78,open
full,1061,1,3,3,none,131.35,23.509,84.7515,0.3765,53.94,26.204,25.67,0.353,34.08,52.71,151,17,154,5,0,0,3.94,open
full,1062,1,3,3,none,140.33,23.138,89.1192,0.2692,53.11,26.197,25.67,0.371,34.88,62.49,144,13,134,3,0,0,4.86,open
full,1063,1,3,3,none,142.03,22.934,90.2713,0.2585,52.89,26.196,25.67,0.376,26.14,44.56,148,14,163,3,0,0,5.1,open
full,1064,1,3,3,none,139.93,22.908,89.2933,0.3449,53.08,26.197,25.66,0.372,26.24,42.35,148,17,164,3,0,0,4.58,open
full,1065,1,3,3,none,139.63,23.098,88.8885,0.3399,53.16,26.198,25.66,0.37,25.96,36.5,147,14,84,2,0,0,5.17,open
full,1066,1,3,3,none,135.33,23.404,86.8862,0.3297,53.53,26.201,25.66,0.362,26.13,41.26,151,19,164,6,0,0,4.29,open
full,1067,1,3,3,none,148.74,23.707,95.4133,0.3606,51.91,26.188,25.66,0.398,25.88,40.33,177,20,183,5,0,0,4.67,open
full,1068,1,3,3,none,129.19,23.095,83.1006,0.3594,54.25,26.207,25.68,0.346,24.68,41.79,162,20,194,3,0,0,4.09,open
full,1069,1,3,3,none,171.32,24.942,110.0677,0.3085,49.12,26.168,25.67,0.459,24.87,46.86,151,22,293,11,0,0,4.57,open
full,1070,1,3,3,none,142.55,23.33,90.5939,0.2923,52.83,26.195,25.67,0.377,26.52,38.33,149,13,225,3,0,0,4.31,open
full,1071,1,3,3,none,140.44,23.337,90.0185,0.3561,52.94,26.196,25.66,0.375,25.69,40.56,144,17,180,4,0,0,4.49,open
full,1072,1,3,3,none,138.45,23.096,87.9851,0.2611,53.32,26.199,25.67,0.367,25.66,41.46,138,15,168,3,0,0,4.75,open
full,1073,1,3,3,none,135.22,22.778,86.1238,0.328,53.68,26.202,25.66,0.359,25.88,36.83,168,12,84,2,0,0,4.97,open
full,1074,1,3,3,none,142.14,23.504,90.5773,0.311,52.83,26.195,25.66,0.377,26.42,46.82,143,18,221,3,0,0,4.66,open
