variant,seed,success,boxes,num_boxes,failure,mission_time_s,path_m,energy_wh,regen_wh,final_soc,terminal_v,max_cell_temp,soc_spread,nmpc_mean_ms,nmpc_p99_ms,nmpc_solves,switches,astar_replans,recoveries,collisions
full,1000,1,3,3,none,97.97,24.484,65.0734,0.3566,57.68,26.234,25.69,0.271,132.44,186.95,150,22,168,2,0
full,1001,1,3,3,none,100.24,23.425,67.326,0.4406,57.26,26.231,25.72,0.28,123.42,173.42,148,31,132,0,0
full,1002,0,1,3,collision,35.96,8.766,23.9252,0.1432,65.48,26.296,25.73,0.099,138.88,171.36,50,12,58,1,1
full,1003,1,3,3,none,98.94,23.816,66.4852,0.4452,57.42,26.232,25.72,0.277,159.51,278.85,138,33,126,0,0
full,1004,0,1,3,collision,38.61,9.49,25.7596,0.1796,65.13,26.299,25.77,0.107,87.41,212.37,50,15,36,2,1
full,1005,1,3,3,none,98.17,23.899,64.961,0.3671,57.71,26.235,25.68,0.27,169.83,311.06,141,20,157,2,0
full,1006,1,3,3,none,107.42,25.827,71.4598,0.3985,56.47,26.225,25.68,0.297,143.32,208.78,139,27,180,4,0
full,1007,1,3,3,none,106.53,25.934,71.0028,0.4384,56.56,26.225,25.69,0.295,173.14,399.37,159,27,135,6,0
full,1008,1,3,3,none,108.93,26.72,72.8593,0.479,56.21,26.222,25.73,0.303,166.48,367.09,175,41,159,5,0
full,1009,1,3,3,none,99.57,23.89,66.3747,0.3987,57.44,26.232,25.72,0.276,161.36,328.78,150,24,152,3,0
full,1010,1,3,3,none,95.73,23.809,63.8692,0.3974,57.91,26.236,25.69,0.266,184.61,331.66,150,27,141,2,0
full,1011,1,3,3,none,107.73,25.361,71.4545,0.3487,56.47,26.224,25.69,0.297,167.83,244.29,145,27,156,4,0
full,1012,1,3,3,none,99.71,23.618,65.7524,0.3251,57.55,26.238,25.69,0.274,179.85,243.58,150,31,197,2,0
full,1013,1,3,3,none,107.12,25.398,70.8563,0.3617,56.59,26.225,25.69,0.295,169.39,227.62,148,16,165,5,0
full,1014,1,3,3,none,101.6,25.498,67.8576,0.3884,57.16,26.23,25.69,0.282,150.37,235.11,147,32,196,3,0
full,1015,1,3,3,none,117.38,25.428,78.4647,0.4823,55.14,26.213,25.72,0.327,173.36,231.75,149,40,156,6,0
full,1016,0,1,3,collision,37.0,7.873,24.9165,0.1645,65.29,26.293,25.72,0.104,176.89,219.67,52,10,46,2,1
full,1017,1,3,3,none,91.37,22.647,60.9312,0.4084,58.47,26.24,25.69,0.253,157.7,234.93,144,19,142,0,0
full,1018,1,3,3,none,98.47,23.357,66.1438,0.4328,57.48,26.233,25.68,0.275,148.37,243.53,141,29,150,2,0
full,1019,0,1,3,collision,39.81,9.631,26.6179,0.1574,64.97,26.29,25.77,0.111,93.88,206.81,51,13,39,3,1
full,1020,1,3,3,none,100.0,25.563,67.0761,0.4391,57.3,26.231,25.7,0.279,151.75,216.12,152,36,145,3,0
full,1021,1,3,3,none,110.68,25.169,73.8395,0.3992,56.02,26.221,25.69,0.307,156.69,206.89,152,35,136,4,0
full,1022,1,3,3,none,104.69,24.623,70.155,0.3995,56.72,26.226,25.72,0.292,133.69,200.5,150,27,146,4,0
full,1023,1,3,3,none,100.77,23.47,66.3005,0.3045,57.45,26.232,25.69,0.276,160.05,206.37,149,29,209,2,0
full,1024,1,3,3,none,104.52,25.534,70.0972,0.4336,56.73,26.227,25.68,0.292,149.49,209.65,146,33,149,3,0
full,1025,1,3,3,none,95.82,24.266,64.8052,0.4437,57.74,26.235,25.69,0.27,170.65,209.05,136,28,135,1,0
full,1026,1,3,3,none,104.62,24.25,68.644,0.3134,57.0,26.229,25.69,0.286,168.19,268.72,157,18,178,3,0
full,1027,1,3,3,none,105.33,25.251,70.5971,0.4618,56.64,26.226,25.7,0.294,156.24,250.91,148,33,152,6,0
full,1028,1,3,3,none,101.61,24.664,68.5083,0.438,57.03,26.233,25.69,0.285,146.44,215.77,143,36,142,3,0
full,1029,1,3,3,none,115.7,24.658,76.9862,0.4125,55.42,26.216,25.69,0.321,169.4,216.13,148,35,130,6,0
full,1030,1,3,3,none,100.45,24.517,66.6398,0.381,57.38,26.232,25.69,0.277,163.03,208.11,152,24,158,3,0
full,1031,1,3,3,none,101.81,24.966,68.0584,0.3907,57.12,26.234,25.69,0.283,144.71,216.16,152,24,130,4,0
full,1032,1,3,3,none,99.51,24.522,66.5264,0.4279,57.41,26.237,25.7,0.277,174.48,216.12,152,27,140,3,0
full,1033,1,3,3,none,95.58,23.297,63.194,0.35,58.04,26.237,25.69,0.263,168.34,216.12,146,17,162,2,0
full,1034,1,3,3,none,104.24,24.162,69.7929,0.4156,56.79,26.227,25.69,0.29,168.25,200.51,148,33,157,3,0
full,1035,1,3,3,none,102.77,24.805,68.6844,0.4541,57.0,26.229,25.71,0.286,148.14,203.15,149,32,132,3,0
full,1036,0,1,3,collision,32.49,7.869,22.0707,0.1524,65.83,26.298,25.8,0.092,102.18,205.82,51,15,36,1,1
full,1037,1,3,3,none,101.51,25.502,67.8371,0.3836,57.16,26.234,25.69,0.282,152.14,202.13,146,39,181,3,0
full,1038,1,3,3,none,104.81,24.782,69.8391,0.4251,56.78,26.231,25.69,0.291,151.11,200.52,153,35,200,3,0
full,1039,1,3,3,none,108.64,25.322,72.5912,0.4285,56.26,26.223,25.69,0.302,151.01,216.17,152,33,146,4,0
full,1040,1,3,3,none,103.5,24.562,69.4256,0.4174,56.86,26.227,25.69,0.289,164.29,231.76,150,37,174,2,0
full,1041,1,3,3,none,96.09,23.961,63.5316,0.2971,57.97,26.236,25.69,0.264,160.88,202.79,144,18,186,3,0
full,1042,1,3,3,none,115.13,26.55,76.5651,0.3966,55.5,26.217,25.69,0.319,155.82,316.08,149,32,222,6,0
full,1043,1,3,3,none,113.82,25.771,75.4608,0.369,55.71,26.218,25.69,0.314,180.55,299.79,149,28,189,5,0
full,1044,1,3,3,none,97.62,22.964,64.8695,0.3473,57.72,26.235,25.69,0.27,179.17,231.76,147,20,163,1,0
full,1045,1,3,3,none,100.8,24.523,67.2269,0.4233,57.28,26.231,25.68,0.28,174.28,231.54,150,22,144,4,0
full,1046,1,3,3,none,97.43,23.552,64.7117,0.372,57.75,26.235,25.72,0.269,181.1,218.93,145,16,112,1,0
full,1047,1,3,3,none,98.75,24.427,65.7476,0.4037,57.55,26.233,25.69,0.274,152.45,208.47,150,34,165,3,0
full,1048,1,3,3,none,100.07,24.295,66.8832,0.454,57.34,26.231,25.7,0.278,158.3,216.55,147,30,111,2,0
full,1049,1,3,3,none,105.76,25.982,70.8084,0.4595,56.59,26.225,25.69,0.295,168.04,215.09,148,37,156,4,0
full,1050,1,3,3,none,102.91,24.917,68.3967,0.3426,57.05,26.234,25.68,0.285,150.68,218.28,140,34,187,4,0
full,1051,1,3,3,none,107.77,26.192,72.7849,0.469,56.22,26.222,25.72,0.303,161.01,222.67,151,40,148,3,0
full,1052,1,3,3,none,104.0,24.296,69.6237,0.3714,56.82,26.227,25.7,0.29,182.05,248.48,145,30,137,4,0
full,1053,1,3,3,none,101.0,23.836,67.226,0.3993,57.28,26.231,25.69,0.28,150.56,211.85,149,25,157,2,0
full,1054,0,1,3,collision,34.52,8.246,23.3306,0.1622,65.59,26.295,25.78,0.097,110.64,223.67,53,12,36,2,1
full,1055,1,3,3,none,102.21,23.779,68.2117,0.4072,57.09,26.234,25.72,0.284,176.97,221.44,148,23,120,1,0
full,1056,1,3,3,none,103.83,25.549,68.5042,0.3346,57.03,26.229,25.69,0.285,146.36,218.39,151,20,185,3,0
full,1057,1,3,3,none,93.85,23.113,62.4996,0.3673,58.17,26.238,25.69,0.26,172.34,211.64,140,20,138,1,0
full,1058,1,3,3,none,106.08,26.326,70.9793,0.4231,56.56,26.225,25.69,0.295,149.4,231.76,139,36,134,5,0
full,1059,1,3,3,none,105.83,24.72,70.5514,0.4138,56.64,26.226,25.69,0.294,149.69,211.84,147,29,138,3,0
full,1060,0,1,3,collision,59.9,13.525,39.8288,0.2336,62.46,26.273,25.8,0.166,114.33,204.51,51,22,79,6,1
full,1061,1,3,3,none,107.62,25.029,71.3168,0.3609,56.5,26.225,25.69,0.297,122.94,209.78,146,27,172,6,0
full,1062,1,3,3,none,108.18,26.3,72.4115,0.4464,56.29,26.223,25.69,0.301,149.69,247.39,151,33,146,5,0
full,1063,1,3,3,none,104.34,25.248,69.4672,0.3527,56.85,26.227,25.69,0.289,164.36,264.0,150,21,164,4,0
full,1064,1,3,3,none,109.74,25.305,73.9076,0.4509,56.01,26.221,25.69,0.308,159.14,215.05,152,38,130,5,0
full,1065,1,3,3,none,73.3,22.387,48.4532,0.1859,60.82,26.259,25.7,0.202,140.42,231.99,162,16,198,0,0
full,1066,1,3,3,none,101.62,25.606,67.4237,0.3554,57.23,26.231,25.69,0.281,180.44,246.12,150,25,165,2,0
full,1067,1,3,3,none,110.36,25.427,73.5985,0.4424,56.06,26.221,25.69,0.306,160.01,225.74,149,30,163,5,0
full,1068,1,3,3,none,107.99,24.97,72.1801,0.4305,56.33,26.223,25.69,0.3,156.88,231.75,151,37,176,3,0
full,1069,1,3,3,none,105.35,25.835,70.5539,0.4405,56.64,26.226,25.69,0.294,157.02,233.01,153,38,159,4,0
full,1070,1,3,3,none,105.98,25.204,70.6752,0.3943,56.62,26.226,25.69,0.294,163.97,223.46,143,27,143,4,0
full,1071,1,3,3,none,106.43,25.557,71.6137,0.4756,56.44,26.224,25.71,0.298,150.23,213.9,148,39,155,4,0
full,1072,1,3,3,none,93.79,23.66,62.6591,0.4081,58.14,26.238,25.69,0.261,167.71,232.08,141,25,172,1,0
full,1073,1,3,3,none,108.39,25.594,72.6881,0.4024,56.24,26.222,25.68,0.303,176.42,228.21,151,38,137,4,0
full,1074,1,3,3,none,101.66,24.908,67.9687,0.3998,57.13,26.229,25.7,0.283,173.71,233.8,145,26,160,3,0
full,1075,1,3,3,none,105.42,25.409,70.4636,0.4152,56.66,26.226,25.69,0.293,155.52,236.96,148,26,197,3,0
full,1076,1,3,3,none,106.81,25.502,71.6499,0.4201,56.43,26.229,25.68,0.298,160.98,215.92,144,47,140,3,0
full,1077,1,3,3,none,93.72,23.346,62.32,0.3874,58.21,26.238,25.69,0.259,176.16,221.16,151,18,136,2,0
full,1078,1,3,3,none,100.97,24.403,67.4795,0.4174,57.23,26.23,25.69,0.281,173.02,222.75,148,25,193,4,0
full,1079,1,3,3,none,100.05,23.685,67.1879,0.4367,57.28,26.231,25.72,0.28,164.9,216.73,149,28,106,1,0
full,1080,0,1,3,collision,32.02,7.766,21.5322,0.1225,65.93,26.299,25.79,0.089,178.51,216.3,52,12,48,1,1
full,1081,0,3,3,collision,99.7,23.559,66.2681,0.3274,57.46,26.229,25.79,0.276,183.66,275.42,156,31,163,5,1
full,1082,1,3,3,none,107.21,25.662,71.1155,0.3896,56.54,26.229,25.69,0.296,158.3,245.14,152,20,214,5,0
full,1083,1,3,3,none,99.88,23.268,66.8596,0.4386,57.35,26.232,25.7,0.278,176.51,234.32,142,31,117,1,0
full,1084,1,3,3,none,102.14,25.022,68.1212,0.4137,57.1,26.229,25.69,0.284,176.36,231.91,144,28,129,3,0
full,1085,0,2,3,collision,79.73,18.816,53.5318,0.3301,59.87,26.25,25.79,0.223,168.41,228.62,105,29,131,6,1
full,1086,1,3,3,none,105.45,24.565,70.6072,0.4498,56.63,26.226,25.69,0.294,160.17,224.49,149,38,114,2,0
full,1087,1,3,3,none,109.83,24.723,73.3202,0.4042,56.12,26.221,25.69,0.305,157.23,224.11,149,30,172,4,0
full,1088,0,1,3,collision,37.65,8.368,25.3832,0.1583,65.2,26.292,25.8,0.106,92.89,188.6,51,13,52,2,1
full,1089,1,3,3,none,110.31,24.014,73.6257,0.4363,56.06,26.226,25.68,0.306,159.73,210.53,157,31,150,4,0
full,1090,1,3,3,none,95.66,22.857,63.7137,0.4337,57.94,26.236,25.72,0.265,180.45,228.62,145,20,111,1,0
full,1091,1,3,3,none,102.76,23.703,68.4691,0.3955,57.04,26.229,25.69,0.285,168.76,232.11,149,34,122,2,0
full,1092,1,3,3,none,111.98,25.293,74.6356,0.4398,55.87,26.22,25.68,0.311,168.31,224.69,151,34,226,3,0
full,1093,1,3,3,none,107.18,24.614,71.7297,0.4055,56.42,26.224,25.69,0.299,170.14,244.58,150,37,123,4,0
full,1094,1,3,3,none,105.4,25.417,70.9872,0.4736,56.56,26.225,25.69,0.295,145.46,218.99,145,35,185,3,0
full,1095,1,3,3,none,103.24,24.615,68.0366,0.3252,57.12,26.23,25.69,0.283,171.11,221.18,150,19,189,4,0
full,1096,1,3,3,none,98.91,24.317,65.1322,0.2642,57.67,26.238,25.7,0.271,142.96,224.41,148,17,177,2,0
full,1097,1,3,3,none,109.99,25.073,73.0538,0.3485,56.17,26.222,25.69,0.304,164.07,216.09,148,30,186,4,0
full,1098,1,3,3,none,93.43,23.055,62.0509,0.3953,58.26,26.239,25.69,0.258,151.02,216.14,142,14,114,0,0
full,1099,1,3,3,none,94.16,22.928,63.332,0.4197,58.01,26.237,25.72,0.263,160.8,226.83,140,32,116,0,0
full,1100,1,3,3,none,92.85,23.508,61.7692,0.3583,58.31,26.239,25.69,0.257,175.81,225.43,149,19,159,1,0
full,1101,1,3,3,none,97.47,23.941,65.0734,0.394,57.68,26.234,25.69,0.271,176.89,242.44,152,28,160,2,0
full,1102,0,2,3,collision,69.84,15.47,46.6971,0.2755,61.17,26.26,25.8,0.194,181.14,225.37,106,25,146,2,1
full,1103,1,3,3,none,101.13,26.432,67.3139,0.4102,57.26,26.231,25.69,0.28,172.03,220.14,147,24,144,5,0
full,1104,1,3,3,none,94.99,23.935,63.6763,0.3996,57.95,26.236,25.69,0.265,158.46,216.13,144,30,143,2,0
full,1105,1,3,3,none,101.03,24.354,67.7519,0.4423,57.17,26.23,25.69,0.282,155.38,202.37,141,25,157,2,0
full,1106,1,3,3,none,100.32,23.858,66.4288,0.385,57.43,26.232,25.69,0.276,144.56,231.48,150,19,163,2,0
full,1107,1,3,3,none,104.03,25.909,69.6993,0.3963,56.81,26.227,25.69,0.29,156.13,233.26,148,33,131,3,0
full,1108,1,3,3,none,100.13,25.302,66.8981,0.3928,57.34,26.231,25.69,0.278,148.67,209.1,146,30,162,3,0
full,1109,1,3,3,none,106.42,25.085,71.3211,0.3925,56.5,26.224,25.7,0.297,169.09,231.75,147,35,159,4,0
full,1110,1,3,3,none,96.38,23.148,64.1962,0.3883,57.85,26.235,25.71,0.267,178.67,233.8,140,23,143,1,0
full,1111,1,3,3,none,99.32,23.818,65.6217,0.3328,57.58,26.233,25.69,0.273,147.65,217.3,148,19,198,2,0
full,1112,1,3,3,none,94.9,23.269,62.4481,0.2364,58.18,26.238,25.7,0.26,176.44,230.23,150,32,253,2,0
full,1113,1,3,3,none,103.09,24.418,69.0634,0.4244,56.93,26.228,25.69,0.287,177.95,208.79,152,38,177,3,0
full,1114,1,3,3,none,91.64,22.717,61.1066,0.3712,58.44,26.24,25.69,0.254,179.22,234.76,142,20,118,0,0
full,1115,1,3,3,none,100.88,23.54,67.125,0.3771,57.29,26.231,25.69,0.279,167.13,236.23,157,22,124,3,0
full,1116,1,3,3,none,101.13,23.753,66.6285,0.3269,57.39,26.232,25.69,0.277,165.25,218.48,155,30,204,3,0
full,1117,1,3,3,none,103.9,25.429,69.2853,0.3658,56.88,26.227,25.7,0.288,160.77,222.91,149,32,185,5,0
full,1118,1,3,3,none,103.52,23.912,68.9931,0.3744,56.94,26.228,25.69,0.287,181.09,226.92,147,29,150,3,0
full,1119,1,3,3,none,99.16,23.174,66.1406,0.4091,57.48,26.232,25.72,0.275,154.16,231.77,146,26,118,0,0
full,1120,1,3,3,none,121.79,31.249,80.4429,0.4577,54.77,26.211,25.69,0.335,158.32,216.13,148,24,209,6,0
full,1121,1,3,3,none,100.09,24.196,66.2799,0.3101,57.45,26.232,25.69,0.276,175.31,225.78,154,24,169,3,0
full,1122,1,3,3,none,98.69,23.966,65.4713,0.3533,57.61,26.233,25.69,0.272,180.59,230.63,144,16,176,2,0
full,1123,1,3,3,none,106.64,25.428,71.0292,0.4539,56.56,26.225,25.69,0.296,177.29,224.76,146,27,153,6,0
full,1124,1,3,3,none,97.03,24.143,64.6995,0.3903,57.76,26.235,25.69,0.269,173.01,221.45,132,22,184,2,0
full,1125,1,3,3,none,98.93,23.482,66.8119,0.4725,57.36,26.231,25.69,0.278,177.28,217.25,145,35,136,0,0
full,1126,1,3,3,none,106.45,25.267,71.1895,0.4197,56.52,26.225,25.69,0.296,170.38,231.85,150,41,216,3,0
full,1127,1,3,3,none,94.71,23.325,62.4827,0.2866,58.17,26.243,25.69,0.26,159.9,231.32,144,24,179,2,0
full,1128,1,3,3,none,98.58,24.98,65.8943,0.3978,57.53,26.233,25.69,0.274,175.46,226.01,148,31,168,3,0
full,1129,1,3,3,none,106.22,23.958,71.1652,0.4167,56.52,26.225,25.69,0.296,178.02,227.75,153,34,115,2,0
full,1130,1,3,3,none,104.9,24.722,70.1143,0.4111,56.72,26.226,25.69,0.292,174.57,225.79,139,31,172,3,0
full,1131,1,3,3,none,103.43,24.6,68.7648,0.3876,56.98,26.229,25.68,0.286,156.43,202.65,139,20,168,4,0
full,1132,1,3,3,none,103.83,23.989,69.9839,0.4319,56.75,26.227,25.69,0.291,177.58,233.32,146,39,123,1,0
full,1133,1,3,3,none,99.57,23.859,67.3233,0.4745,57.26,26.231,25.72,0.28,153.78,224.32,149,32,169,2,0
full,1134,1,3,3,none,95.75,22.808,64.1517,0.4335,57.86,26.236,25.73,0.267,176.15,245.33,152,21,117,1,0
full,1135,1,3,3,none,97.99,24.711,64.9511,0.337,57.71,26.234,25.69,0.27,155.54,243.46,153,24,176,2,0
full,1136,0,1,3,collision,42.38,9.013,28.0795,0.1447,64.69,26.289,25.71,0.117,97.37,195.46,50,12,105,3,1
full,1137,1,3,3,none,94.33,23.279,63.3599,0.4446,58.01,26.237,25.69,0.264,152.92,216.34,142,27,113,1,0
full,1138,1,3,3,none,104.71,24.888,69.8883,0.4078,56.77,26.231,25.69,0.291,167.52,218.74,150,25,174,3,0
full,1139,0,1,3,collision,45.37,9.119,30.266,0.1468,64.28,26.286,25.78,0.126,112.96,449.41,51,18,48,3,1
full,1140,1,3,3,none,102.54,25.052,68.8282,0.4366,56.97,26.228,25.69,0.286,170.79,252.97,143,29,132,4,0
full,1141,1,3,3,none,108.24,25.644,72.3689,0.391,56.3,26.223,25.69,0.301,173.04,231.7,158,31,158,6,0
full,1142,1,3,3,none,105.69,25.294,71.0049,0.3986,56.56,26.225,25.69,0.296,158.47,216.12,144,39,157,4,0
full,1143,1,3,3,none,98.07,24.389,64.9808,0.3497,57.7,26.234,25.69,0.27,153.49,200.5,150,15,139,3,0
full,1144,1,3,3,none,101.95,25.199,68.7319,0.4557,56.99,26.228,25.69,0.286,145.18,200.5,139,38,142,1,0
full,1145,1,3,3,none,107.11,25.431,71.3331,0.3861,56.49,26.229,25.69,0.297,162.77,208.48,150,34,210,4,0
full,1146,1,3,3,none,104.04,24.885,69.0628,0.3646,56.93,26.228,25.69,0.287,167.2,220.11,145,18,110,2,0
full,1147,1,3,3,none,93.31,23.534,62.282,0.3988,58.22,26.243,25.69,0.259,164.36,213.1,147,23,114,1,0
full,1148,1,3,3,none,103.09,26.197,67.9566,0.3102,57.13,26.23,25.68,0.283,148.98,216.12,143,15,184,4,0
full,1149,1,3,3,none,102.22,24.226,68.2031,0.4054,57.09,26.229,25.72,0.284,167.83,218.97,148,22,129,3,0
full,1150,1,3,3,none,111.92,25.168,74.7203,0.4006,55.85,26.219,25.7,0.311,155.9,216.13,148,44,170,4,0
full,1151,1,3,3,none,111.64,25.511,75.0044,0.4651,55.8,26.219,25.68,0.312,163.06,210.88,151,41,126,4,0
full,1152,1,3,3,none,96.02,23.558,64.0369,0.3736,57.88,26.236,25.69,0.266,147.25,243.96,144,25,141,2,0
full,1153,1,3,3,none,98.86,24.189,66.1244,0.4147,57.48,26.232,25.69,0.275,150.7,223.63,153,29,112,3,0
full,1154,0,1,3,collision,40.5,9.582,26.9926,0.1642,64.9,26.293,25.78,0.112,162.95,209.62,53,8,56,3,1
full,1155,1,3,3,none,121.48,29.249,80.0397,0.452,54.84,26.211,25.69,0.333,174.29,239.01,143,34,226,7,0
full,1156,1,3,3,none,107.13,25.374,71.3975,0.3691,56.48,26.225,25.69,0.297,170.06,209.04,156,25,148,5,0
full,1157,1,3,3,none,105.41,25.072,70.7295,0.4106,56.61,26.23,25.69,0.294,149.62,240.43,143,38,141,2,0
full,1158,0,1,3,collision,40.02,9.626,26.8785,0.2007,64.92,26.291,25.78,0.112,163.45,228.88,49,13,44,3,1
full,1159,1,3,3,none,88.8,22.469,59.335,0.4011,58.78,26.243,25.74,0.247,146.5,203.52,148,16,146,1,0
full,1160,1,3,3,none,123.31,31.475,81.8346,0.5232,54.5,26.213,25.69,0.341,151.16,216.4,146,35,154,4,0
full,1161,0,2,3,collision,69.25,16.366,46.1876,0.2712,61.26,26.262,25.71,0.192,170.46,206.58,109,15,87,3,1
full,1162,1,3,3,none,102.23,24.44,68.4648,0.4199,57.04,26.229,25.69,0.285,139.27,214.9,137,35,156,3,0
full,1163,1,3,3,none,104.47,24.723,69.0201,0.3306,56.93,26.228,25.69,0.287,157.99,204.33,148,25,177,2,0
full,1164,1,3,3,none,103.44,24.213,69.0562,0.3833,56.93,26.228,25.69,0.287,144.41,218.13,146,31,138,3,0
full,1165,1,3,3,none,104.82,24.071,70.1377,0.4014,56.72,26.226,25.7,0.292,165.06,231.76,147,32,126,4,0
full,1166,1,3,3,none,103.58,24.059,69.1472,0.43,56.91,26.228,25.69,0.288,150.37,203.37,150,24,149,3,0
full,1167,1,3,3,none,95.27,23.371,63.4954,0.3776,57.98,26.236,25.69,0.264,169.81,216.13,150,21,137,1,0
full,1168,1,3,3,none,93.42,23.633,62.1838,0.3644,58.23,26.239,25.69,0.259,158.46,296.35,148,17,148,1,0
full,1169,0,2,3,collision,70.57,17.069,47.5498,0.2871,61.0,26.257,25.8,0.198,139.67,216.13,100,25,91,2,1
full,1170,1,3,3,none,103.42,24.854,69.2895,0.3935,56.88,26.227,25.7,0.288,174.56,217.19,154,36,146,4,0
full,1171,1,3,3,none,98.63,24.635,65.7389,0.3756,57.56,26.233,25.69,0.274,155.9,225.59,148,32,172,3,0
full,1172,1,3,3,none,101.29,23.906,67.9089,0.4378,57.15,26.23,25.69,0.282,177.39,221.2,154,29,179,2,0
full,1173,1,3,3,none,99.02,24.618,65.9619,0.3572,57.51,26.232,25.7,0.275,175.15,213.04,137,22,167,5,0
full,1174,1,3,3,none,102.06,24.305,68.3319,0.4187,57.07,26.229,25.71,0.284,176.74,219.51,147,30,155,3,0
full,1175,1,3,3,none,109.81,25.022,73.327,0.3986,56.11,26.226,25.69,0.305,179.64,234.38,147,28,130,4,0
full,1176,1,3,3,none,105.2,25.902,69.9822,0.4196,56.75,26.227,25.69,0.291,157.7,235.28,151,30,165,4,0
full,1177,1,3,3,none,99.23,24.144,66.9595,0.4152,57.32,26.231,25.7,0.279,154.14,220.57,146,30,139,3,0
full,1178,1,3,3,none,103.51,24.541,69.3208,0.4108,56.88,26.232,25.69,0.288,163.17,220.63,142,35,152,4,0
full,1179,1,3,3,none,97.22,23.495,65.072,0.3865,57.68,26.234,25.72,0.271,181.43,222.87,143,27,98,1,0
full,1180,0,1,3,collision,92.28,23.283,61.6802,0.4318,58.32,26.226,25.88,0.257,167.88,230.29,52,41,124,10,1
full,1181,1,3,3,none,117.85,29.149,77.7689,0.4422,55.27,26.215,25.69,0.324,214.06,292.6,150,30,167,5,0
full,1182,1,3,3,none,101.23,25.051,66.911,0.3066,57.33,26.231,25.69,0.278,226.62,312.0,145,17,200,4,0
full,1183,1,3,3,none,114.95,27.643,77.4257,0.4693,55.34,26.215,25.69,0.322,206.67,306.4,138,41,154,8,0
full,1184,1,3,3,none,102.49,24.757,68.6207,0.4046,57.01,26.229,25.69,0.286,195.58,296.13,155,28,163,3,0
full,1185,1,3,3,none,104.94,25.034,69.2718,0.3081,56.88,26.228,25.7,0.288,153.86,269.19,156,23,177,4,0
full,1186,1,3,3,none,114.58,27.242,76.5176,0.4139,55.51,26.217,25.69,0.319,152.91,225.09,148,38,170,5,0
full,1187,1,3,3,none,104.43,25.164,69.7564,0.4119,56.79,26.227,25.69,0.29,149.75,209.77,145,34,161,5,0
full,1188,0,2,3,collision,78.95,16.342,52.8899,0.3111,59.99,26.251,25.8,0.22,135.02,216.12,101,33,164,3,1
full,1189,1,3,3,none,100.22,24.894,66.2427,0.3373,57.46,26.232,25.69,0.276,155.77,216.13,149,25,226,4,0
full,1190,1,3,3,none,104.36,24.532,70.2833,0.4352,56.69,26.226,25.69,0.292,138.46,215.21,145,36,132,3,0
full,1191,1,3,3,none,106.81,24.393,70.9084,0.3824,56.57,26.23,25.69,0.295,168.96,216.13,162,28,136,4,0
full,1192,1,3,3,none,102.64,24.94,68.0012,0.3365,57.13,26.23,25.69,0.283,150.77,202.65,148,25,188,3,0
full,1193,1,3,3,none,105.04,24.742,70.1644,0.3936,56.72,26.226,25.69,0.292,160.24,213.83,147,30,151,3,0
full,1194,1,3,3,none,108.19,26.396,71.8683,0.3536,56.39,26.224,25.69,0.299,156.05,201.8,143,28,178,7,0
full,1195,1,3,3,none,106.39,25.928,71.2074,0.3941,56.52,26.224,25.69,0.296,154.9,245.81,142,34,182,7,0
full,1196,1,3,3,none,100.8,25.124,66.4965,0.3154,57.41,26.232,25.7,0.277,163.13,235.24,146,18,208,3,0
full,1197,1,3,3,none,116.08,26.863,77.5078,0.4262,55.32,26.215,25.69,0.323,174.17,228.93,149,40,166,6,0
full,1198,1,3,3,none,100.67,24.797,66.9452,0.4106,57.33,26.231,25.69,0.279,133.11,200.55,135,23,155,3,0
full,1199,1,3,3,none,105.61,24.483,69.5221,0.3059,56.84,26.232,25.69,0.289,131.98,162.82,149,37,205,5,0
